	Area	Rooms	Bedrooms	Bathrooms	Floor	Floors	Balcony	Veranda	Loggia	Heating	Parking	Storeroom	Hot	Gas	Internet	Fireplace	Furniture	Passenger	Service	Telephone	Television	Conditioner	St_new	St_old	Co_black	Co_newRenov	Co_oldRenov	Co_white	Di_didiDigomi	Di_digmisMas	Di_gldani	Di_saburtalo	Di_vake	Di_varketili
0	48	2	1	1	4	10	2	0	0	0	1	0	0	1	0	0	0	1	1	0	0	0	1	0	1	0	0	0	1	0	0	0	0	0
1	76	3	2	2	2	10	0	0	0	0	1	0	0	1	0	0	0	1	1	0	0	0	1	0	1	0	0	0	1	0	0	0	0	0
2	58	2	1	1	9	10	4	0	0	0	0	0	0	1	0	0	0	0	0	0	0	0	1	0	1	0	0	0	1	0	0	0	0	0
3	48	2	1	1	8	11	3	0	0	0	0	0	0	0	0	0	0	0	0	0	0	0	1	0	1	0	0	0	1	0	0	0	0	0
4	51	2	1	1	10	12	8	0	0	0	0	0	0	0	0	0	0	1	0	0	0	0	1	0	1	0	0	0	1	0	0	0	0	0
5	144	4	3	2	7	8	0	0	0	0	0	0	0	0	0	0	0	0	0	0	0	0	1	0	1	0	0	0	1	0	0	0	0	0
6	68	3	2	1	4	5	8	0	0	0	0	0	0	0	0	0	0	1	0	0	0	0	1	0	1	0	0	0	1	0	0	0	0	0
7	108	4	2	2	12	16	15	0	0	0	1	0	0	1	0	0	0	0	0	0	0	0	1	0	1	0	0	0	1	0	0	0	0	0
8	72	3	0	2	5	12	5	0	0	0	0	0	0	1	0	0	0	1	0	0	0	0	1	0	1	0	0	0	1	0	0	0	0	0
9	129	4	3	3	5	13	6	0	0	0	1	0	0	0	0	0	0	1	0	0	0	0	1	0	1	0	0	0	0	0	0	1	0	0
10	60	2	0	1	17	17	0	0	0	0	0	0	0	0	0	0	0	1	0	0	0	0	1	0	1	0	0	0	0	0	0	1	0	0
11	105	4	3	1	3	14	3	8	0	0	0	0	0	1	0	0	0	1	0	0	0	0	1	0	1	0	0	0	0	0	0	1	0	0
12	54	2	1	1	3	4	0	0	0	0	0	0	0	0	0	0	0	1	0	0	0	0	1	0	1	0	0	0	0	0	0	1	0	0
13	52	2	1	1	3	4	3	0	0	0	0	0	0	1	0	0	0	0	0	0	0	0	1	0	1	0	0	0	0	0	0	1	0	0
14	45	2	1	2	3	7	0	0	0	1	1	0	1	1	0	0	1	1	0	0	1	1	1	0	0	1	0	0	0	0	1	0	0	0
15	56	2	1	1	3	7	6	0	0	1	1	1	1	1	1	0	1	1	0	1	1	1	1	0	0	1	0	0	0	0	1	0	0	0
16	45	2	1	1	9	13	5	0	0	1	0	0	1	1	1	0	0	1	0	1	0	0	1	0	0	1	0	0	0	0	1	0	0	0
17	48	3	2	1	11	13	2	0	0	1	0	0	1	1	0	0	0	1	0	0	0	0	1	0	0	1	0	0	0	0	1	0	0	0
18	56	3	2	2	4	10	4	0	0	1	0	0	1	1	1	0	1	1	0	0	1	1	1	0	0	1	0	0	0	0	1	0	0	0
19	80	3	2	1	8	10	0	0	0	1	0	0	1	1	0	0	1	0	0	0	1	0	1	0	0	1	0	0	0	0	1	0	0	0
20	48	2	0	1	7	18	0	0	0	1	1	0	1	1	0	0	0	1	1	0	0	0	1	0	0	1	0	0	0	0	1	0	0	0
21	46	2	1	1	11	15	5	0	0	0	0	0	0	1	0	0	0	1	1	0	0	0	1	0	0	1	0	0	0	0	1	0	0	0
22	155	5	3	3	4	10	9	0	0	1	1	1	1	1	1	0	0	1	0	1	1	1	1	0	0	1	0	0	0	0	1	0	0	0
23	64	3	2	1	7	10	4	0	0	0	0	0	0	1	1	0	0	1	1	0	0	0	1	0	0	1	0	0	0	0	1	0	0	0
24	72	3	2	1	9	11	0	0	0	1	0	0	1	1	1	0	0	1	0	0	0	0	1	0	0	1	0	0	0	0	1	0	0	0
25	68	3	2	1	6	9	3	0	0	1	1	0	1	1	1	0	1	1	0	1	1	1	1	0	0	1	0	0	0	0	1	0	0	0
26	80	2	3	3	8	14	10	0	0	1	1	0	1	1	1	0	1	1	1	1	1	1	1	0	0	1	0	0	0	0	1	0	0	0
27	117	4	2	1	9	15	9	0	0	1	0	1	1	1	1	0	1	1	1	0	1	0	1	0	0	1	0	0	0	0	1	0	0	0
28	55	2	1	1	4	9	8	0	0	0	0	0	0	1	0	0	0	1	0	0	0	0	1	0	0	1	0	0	0	0	1	0	0	0
29	56	2	1	1	7	9	4	0	0	0	0	0	0	1	0	0	0	1	0	0	0	0	1	0	0	1	0	0	0	0	1	0	0	0
30	56	2	1	2	4	9	8	1	1	1	1	1	1	1	1	0	0	1	1	1	0	1	1	0	0	1	0	0	0	0	1	0	0	0
31	56	2	1	2	4	9	3	0	0	1	1	1	1	1	1	0	0	1	1	1	1	1	1	0	0	1	0	0	0	0	1	0	0	0
32	46	2	1	1	7	9	4	0	0	1	0	0	1	1	1	0	0	1	1	1	1	0	1	0	0	1	0	0	1	0	0	0	0	0
33	46	2	1	1	5	9	3	0	0	1	0	0	1	1	0	0	0	1	0	0	0	0	1	0	0	1	0	0	1	0	0	0	0	0
34	73	3	2	1	2	9	10	0	0	1	0	0	1	1	1	0	1	1	1	1	1	1	1	0	0	1	0	0	1	0	0	0	0	0
35	58	3	2	1	7	13	0	0	0	1	0	0	1	1	1	0	1	1	0	1	1	0	1	0	0	1	0	0	1	0	0	0	0	0
36	61	3	2	1	8	12	4	0	0	1	1	1	1	1	1	1	0	1	1	1	0	0	1	0	0	1	0	0	1	0	0	0	0	0
37	70	3	2	1	6	10	0	0	0	1	1	0	1	1	1	0	1	1	0	0	1	0	1	0	0	1	0	0	1	0	0	0	0	0
38	43	3	1	1	1	9	0	0	0	1	0	0	1	1	1	0	1	0	0	1	1	0	1	0	0	1	0	0	1	0	0	0	0	0
39	21	1	1	1	2	3	0	0	0	1	1	0	1	1	0	0	0	0	0	0	0	1	1	0	0	1	0	0	1	0	0	0	0	0
40	47	2	1	1	7	10	3	0	0	1	0	0	1	1	0	0	1	1	0	0	1	0	1	0	0	1	0	0	1	0	0	0	0	0
41	73	3	2	1	4	5	4	0	0	1	1	1	1	1	1	0	1	1	0	0	1	1	1	0	0	1	0	0	1	0	0	0	0	0
42	61	3	2	1	12	13	5	0	0	1	0	0	1	1	1	0	1	1	0	0	0	0	1	0	0	1	0	0	1	0	0	0	0	0
43	80	3	2	1	6	10	10	0	0	1	0	1	1	1	1	0	1	1	0	0	1	1	1	0	0	1	0	0	1	0	0	0	0	0
44	71	3	2	1	9	9	0	0	0	0	0	0	0	0	0	0	0	1	0	0	0	0	1	0	0	1	0	0	1	0	0	0	0	0
45	61	2	1	1	10	11	0	15	0	1	1	1	1	1	1	0	0	1	0	0	1	1	1	0	0	1	0	0	1	0	0	0	0	0
46	21	1	1	1	1	3	0	0	0	1	1	0	1	1	1	0	1	0	0	0	0	1	1	0	0	1	0	0	1	0	0	0	0	0
47	90	4	3	1	6	14	6	0	0	1	1	0	1	0	0	0	0	0	0	0	0	1	1	0	0	1	0	0	1	0	0	0	0	0
48	44	2	1	1	12	13	4	0	0	1	1	0	0	1	0	0	1	1	0	0	0	0	1	0	0	1	0	0	1	0	0	0	0	0
49	43	2	1	1	6	11	6	0	0	1	1	0	1	1	1	0	1	1	0	0	1	0	1	0	0	1	0	0	1	0	0	0	0	0
50	56	3	2	1	4	4	2	0	0	1	1	0	1	1	1	0	1	0	0	1	1	1	1	0	0	1	0	0	1	0	0	0	0	0
51	42	2	1	1	13	14	0	0	0	1	0	0	1	1	0	0	0	1	0	0	0	0	1	0	0	1	0	0	1	0	0	0	0	0
52	60	2	1	1	8	10	7	0	0	1	1	1	1	1	1	0	1	1	1	0	0	0	1	0	0	1	0	0	1	0	0	0	0	0
53	68	3	2	1	8	12	6	0	0	1	0	1	1	1	1	0	1	1	0	0	1	1	1	0	0	1	0	0	1	0	0	0	0	0
54	48	3	0	1	9	10	0	0	0	1	0	0	1	1	1	0	1	1	0	1	1	1	1	0	0	1	0	0	1	0	0	0	0	0
55	37	1	1	1	4	9	0	0	0	1	1	0	1	1	1	0	1	1	0	1	0	0	1	0	0	1	0	0	1	0	0	0	0	0
56	37	2	1	1	4	7	0	0	0	1	1	1	1	1	1	0	0	1	0	0	1	0	1	0	0	1	0	0	1	0	0	0	0	0
57	52	2	1	1	4	12	5	0	0	0	0	0	0	1	1	0	0	1	1	1	0	0	1	0	0	1	0	0	1	0	0	0	0	0
58	49	2	1	1	9	9	6	0	0	1	1	0	1	1	1	0	1	1	1	1	1	0	1	0	0	1	0	0	1	0	0	0	0	0
59	46	2	1	1	9	10	3	0	0	0	0	0	0	0	0	0	0	1	0	0	0	0	1	0	0	1	0	0	1	0	0	0	0	0
60	46	3	2	2	8	10	3	0	0	1	1	0	1	1	1	0	1	1	0	1	0	0	1	0	0	1	0	0	1	0	0	0	0	0
61	62	3	2	1	10	12	3	0	0	1	1	0	1	1	1	0	1	1	1	1	0	1	1	0	0	1	0	0	1	0	0	0	0	0
62	37	2	1	1	12	14	4	0	0	0	0	0	0	1	0	0	0	1	1	0	0	0	1	0	0	1	0	0	1	0	0	0	0	0
63	49	2	1	1	1	4	3	0	0	1	0	0	1	1	1	0	1	0	0	0	0	1	1	0	0	1	0	0	1	0	0	0	0	0
64	120	3	2	1	2	4	5	5	0	1	1	1	1	1	1	1	0	1	0	1	1	0	1	0	0	1	0	0	1	0	0	0	0	0
65	36	2	1	1	1	12	0	0	0	0	0	0	0	1	0	0	0	1	0	0	0	0	1	0	0	1	0	0	1	0	0	0	0	0
66	88	3	2	2	2	8	6	0	12	1	1	1	1	1	1	0	1	1	0	1	0	0	1	0	0	1	0	0	1	0	0	0	0	0
67	93	4	3	1	6	8	0	0	0	1	0	0	1	1	1	0	0	1	0	0	0	0	1	0	0	1	0	0	1	0	0	0	0	0
68	81	3	2	1	4	4	6	0	0	1	1	1	0	1	1	0	1	0	0	0	1	0	1	0	0	1	0	0	1	0	0	0	0	0
69	58	3	2	1	8	10	4	0	0	1	1	1	1	1	1	0	0	1	1	0	0	0	1	0	0	1	0	0	1	0	0	0	0	0
70	65	2	1	1	4	8	8	0	0	1	1	1	1	1	1	0	1	1	0	1	1	1	1	0	0	1	0	0	1	0	0	0	0	0
71	68	3	2	1	6	16	0	0	0	1	1	0	1	1	0	0	0	1	1	0	0	0	1	0	0	1	0	0	1	0	0	0	0	0
72	52	2	1	1	12	14	7	0	0	1	0	0	1	1	0	0	0	1	1	0	0	0	1	0	0	1	0	0	1	0	0	0	0	0
73	45	2	1	1	5	12	0	0	0	1	1	0	1	1	0	0	0	1	1	0	0	0	1	0	0	1	0	0	1	0	0	0	0	0
74	53	3	2	1	3	9	4	0	0	1	0	0	1	1	1	0	0	1	0	1	1	0	1	0	0	1	0	0	1	0	0	0	0	0
75	73	3	2	1	7	9	6	0	0	1	0	1	1	1	1	0	1	1	0	0	0	0	1	0	0	1	0	0	1	0	0	0	0	0
76	48	2	1	1	3	10	0	0	0	0	0	0	0	1	0	0	0	1	0	0	0	0	1	0	0	1	0	0	1	0	0	0	0	0
77	37	2	1	1	1	2	0	0	0	1	1	1	1	1	1	0	1	0	0	0	0	1	1	0	0	1	0	0	1	0	0	0	0	0
78	52	2	1	1	7	10	8	0	0	0	0	0	0	1	1	0	0	1	0	0	0	0	1	0	0	1	0	0	1	0	0	0	0	0
79	78	3	2	1	7	10	8	0	0	0	0	0	0	1	1	0	0	1	0	0	0	0	1	0	0	1	0	0	1	0	0	0	0	0
80	78	3	2	1	7	9	8	0	0	1	0	0	1	1	0	0	0	1	0	0	0	0	1	0	0	1	0	0	1	0	0	0	0	0
81	48	2	1	2	4	11	6	0	0	1	1	0	1	1	0	0	0	1	1	0	0	0	1	0	0	1	0	0	1	0	0	0	0	0
82	48	2	1	2	5	11	6	0	0	0	1	0	1	1	0	0	0	1	1	0	0	0	1	0	0	1	0	0	1	0	0	0	0	0
83	48	2	1	1	5	7	4	0	0	1	1	0	1	1	0	0	0	1	0	0	0	0	1	0	0	1	0	0	1	0	0	0	0	0
84	36	2	1	1	1	2	0	0	0	1	0	0	1	1	0	0	1	0	0	0	1	0	1	0	0	1	0	0	1	0	0	0	0	0
85	66	3	2	1	5	11	3	0	0	1	0	0	0	1	0	0	0	1	0	0	0	0	1	0	0	1	0	0	1	0	0	0	0	0
86	75	3	2	1	6	10	5	0	0	1	1	1	1	1	1	0	0	1	1	0	0	0	1	0	0	1	0	0	1	0	0	0	0	0
87	65	2	1	1	7	12	0	0	0	0	0	0	0	1	0	0	0	1	0	0	0	0	1	0	0	1	0	0	1	0	0	0	0	0
88	61	3	2	1	2	9	4	0	0	0	1	0	0	1	1	0	0	0	0	0	0	0	1	0	0	1	0	0	1	0	0	0	0	0
89	57	3	2	1	4	10	0	0	0	0	0	0	0	1	0	0	0	1	0	0	0	0	1	0	0	1	0	0	1	0	0	0	0	0
90	49	2	1	1	2	10	2	0	0	1	0	0	1	1	0	0	0	1	1	0	0	0	1	0	0	1	0	0	1	0	0	0	0	0
91	57	3	2	1	7	9	3	0	0	1	1	0	1	1	1	0	0	1	0	1	1	0	1	0	0	1	0	0	1	0	0	0	0	0
92	57	3	2	1	4	11	0	0	0	1	0	0	1	1	0	0	0	1	1	0	0	0	1	0	0	1	0	0	1	0	0	0	0	0
93	64	3	2	1	3	10	3	0	0	1	1	0	1	1	0	0	1	1	0	0	0	0	1	0	0	1	0	0	1	0	0	0	0	0
94	50	2	1	1	8	12	5	0	0	0	0	0	0	0	0	0	0	0	0	0	0	0	1	0	0	1	0	0	1	0	0	0	0	0
95	63	3	2	1	3	10	3	0	0	1	1	0	1	1	0	0	0	1	0	0	0	0	1	0	0	1	0	0	1	0	0	0	0	0
96	54	3	2	1	7	12	7	0	0	1	0	0	1	1	0	0	0	0	0	0	0	0	1	0	0	1	0	0	1	0	0	0	0	0
97	50	2	1	1	6	9	3	0	0	1	0	0	1	1	0	0	0	1	0	0	0	0	1	0	0	1	0	0	1	0	0	0	0	0
98	51	2	1	1	6	9	5	0	0	1	1	0	1	1	1	0	0	1	1	1	1	1	1	0	0	1	0	0	1	0	0	0	0	0
99	53	3	2	1	3	11	0	0	0	0	0	0	0	1	1	0	0	1	0	0	0	0	1	0	0	1	0	0	1	0	0	0	0	0
100	80	3	0	1	11	12	10	0	0	0	0	0	0	1	0	0	0	1	1	0	0	0	1	0	0	1	0	0	1	0	0	0	0	0
101	56	2	1	1	6	12	5	0	0	0	0	0	0	0	0	0	0	1	1	0	0	0	1	0	0	1	0	0	1	0	0	0	0	0
102	53	2	1	1	2	10	0	0	0	1	1	0	1	1	0	0	0	0	0	0	0	0	1	0	0	1	0	0	1	0	0	0	0	0
103	55	2	1	1	5	10	3	0	0	1	1	0	1	1	1	0	0	1	1	1	0	0	1	0	0	1	0	0	1	0	0	0	0	0
104	60	3	2	1	3	13	3	0	0	1	0	0	1	0	0	0	0	1	0	0	0	0	1	0	0	1	0	0	1	0	0	0	0	0
105	59	3	1	1	6	11	6	0	0	0	0	0	0	0	0	0	0	1	0	0	0	0	1	0	0	1	0	0	1	0	0	0	0	0
106	48	2	1	1	2	11	0	0	0	1	0	0	0	1	0	0	0	1	0	0	0	0	1	0	0	1	0	0	1	0	0	0	0	0
107	80	3	2	2	13	14	16	16	0	1	0	0	1	1	1	0	0	1	1	1	0	0	1	0	0	1	0	0	1	0	0	0	0	0
108	60	2	1	1	6	10	7	0	0	0	0	0	1	1	0	0	0	1	0	0	0	0	1	0	0	1	0	0	1	0	0	0	0	0
109	61	2	1	1	6	10	8	0	0	1	0	0	1	1	0	0	0	1	0	0	0	0	1	0	0	1	0	0	1	0	0	0	0	0
110	60	2	1	1	9	9	10	0	0	1	1	0	1	1	0	0	0	1	1	0	0	0	1	0	0	1	0	0	1	0	0	0	0	0
111	58	2	1	1	1	10	0	0	0	1	1	0	1	1	1	0	0	0	0	0	0	0	1	0	0	1	0	0	1	0	0	0	0	0
112	56	3	2	1	4	9	6	0	0	1	1	0	1	1	0	0	0	1	0	0	0	0	1	0	0	1	0	0	1	0	0	0	0	0
113	41	2	1	1	1	3	0	0	0	0	1	0	1	1	1	0	0	0	0	1	1	0	1	0	0	1	0	0	1	0	0	0	0	0
114	100	4	3	1	8	8	15	0	0	1	1	1	1	1	1	0	1	1	0	1	1	0	1	0	0	1	0	0	1	0	0	0	0	0
115	81	3	2	1	5	9	0	0	0	1	1	0	1	1	1	0	0	1	0	1	0	0	1	0	0	1	0	0	1	0	0	0	0	0
116	78	3	2	1	9	10	6	0	0	0	0	0	0	1	0	0	0	1	1	0	0	0	1	0	0	1	0	0	1	0	0	0	0	0
117	78	3	2	1	9	11	4	0	20	0	0	0	0	0	0	0	0	1	0	0	0	0	1	0	0	1	0	0	1	0	0	0	0	0
118	79	3	2	1	6	10	5	0	0	1	1	0	1	1	0	0	0	1	0	0	0	0	1	0	0	1	0	0	1	0	0	0	0	0
119	78	3	2	1	8	10	4	0	0	0	0	0	0	0	0	0	0	1	0	0	0	0	1	0	0	1	0	0	1	0	0	0	0	0
120	54	1	1	1	1	4	2	0	0	1	1	0	1	1	1	0	0	0	0	1	0	0	1	0	0	1	0	0	1	0	0	0	0	0
121	72	3	2	3	5	5	6	0	0	1	1	1	1	1	1	0	1	0	0	1	1	1	1	0	0	1	0	0	1	0	0	0	0	0
122	44	2	1	1	0	5	0	0	0	1	1	1	1	1	1	0	1	0	0	0	1	0	1	0	0	1	0	0	1	0	0	0	0	0
123	95	4	3	2	8	11	0	0	0	0	0	0	1	1	1	0	0	1	1	0	0	0	1	0	0	1	0	0	0	1	0	0	0	0
124	46	2	1	1	6	9	0	0	0	1	1	0	1	1	1	0	1	1	1	1	1	1	1	0	0	1	0	0	0	1	0	0	0	0
125	145	4	3	2	15	17	4	4	0	1	1	1	1	1	1	0	1	1	1	1	1	1	1	0	0	1	0	0	0	1	0	0	0	0
126	78	3	2	1	13	17	5	0	0	1	1	0	1	1	1	0	1	1	1	1	0	0	1	0	0	1	0	0	0	1	0	0	0	0
127	91	3	2	1	10	11	10	0	0	1	1	0	1	1	1	0	1	1	1	1	1	1	1	0	0	1	0	0	0	1	0	0	0	0
128	100	3	2	1	12	12	0	0	0	1	0	1	1	1	0	0	1	0	0	0	0	0	1	0	0	1	0	0	0	1	0	0	0	0
129	120	4	120	3	9	15	7	7	0	1	1	1	1	1	1	0	0	1	1	0	1	0	1	0	0	1	0	0	0	1	0	0	0	0
130	23	2	1	1	0	12	0	0	0	1	1	0	1	1	1	0	1	1	1	0	1	0	1	0	0	1	0	0	0	1	0	0	0	0
131	142	4	3	2	2	12	15	0	0	1	1	0	1	1	1	0	1	1	1	0	0	1	1	0	0	1	0	0	0	1	0	0	0	0
132	100	3	2	1	10	12	5	0	7	1	1	1	1	1	1	0	0	1	1	1	1	1	1	0	0	1	0	0	0	1	0	0	0	0
133	73	3	2	1	5	12	4	0	0	1	0	0	1	1	1	0	0	1	1	1	1	1	1	0	0	1	0	0	0	1	0	0	0	0
134	73	3	2	1	5	12	4	0	0	1	1	0	1	1	1	0	0	1	1	1	0	1	1	0	0	1	0	0	0	1	0	0	0	0
135	60	3	2	1	2	10	5	0	0	1	0	1	1	1	1	0	1	0	0	1	1	1	1	0	0	1	0	0	0	1	0	0	0	0
136	130	4	3	3	13	13	0	0	0	1	1	0	1	1	1	0	0	0	0	1	0	1	1	0	0	1	0	0	0	1	0	0	0	0
137	72	3	2	1	2	10	5	0	0	1	1	0	1	1	1	0	1	1	0	0	1	0	1	0	0	1	0	0	0	1	0	0	0	0
138	72	3	2	1	2	10	5	0	0	1	1	0	1	1	1	0	1	1	0	0	1	0	1	0	0	1	0	0	0	1	0	0	0	0
139	64	2	1	1	6	6	0	20	0	1	0	0	1	1	0	0	1	0	0	0	0	1	1	0	0	1	0	0	0	1	0	0	0	0
140	78	5	4	1	3	6	0	0	0	1	0	1	1	1	1	0	1	0	0	1	1	0	1	0	0	1	0	0	0	1	0	0	0	0
141	78	5	4	2	3	6	0	0	0	1	0	1	1	1	1	0	1	1	0	1	1	0	1	0	0	1	0	0	0	1	0	0	0	0
142	61	2	1	1	3	10	0	0	0	0	0	0	0	0	0	0	0	0	0	0	0	0	1	0	0	1	0	0	0	0	0	0	1	0
143	127	3	2	2	3	10	0	0	0	1	0	0	1	1	1	0	1	1	0	0	1	1	1	0	0	1	0	0	0	0	0	0	1	0
144	109	3	2	1	11	17	0	27	0	1	0	1	1	1	1	0	0	1	0	1	0	0	1	0	0	1	0	0	0	0	0	0	1	0
145	71	2	1	1	6	24	16	0	0	1	1	0	1	1	1	0	0	1	1	0	0	0	1	0	0	1	0	0	0	0	0	0	1	0
146	91	2	1	1	9	10	6	0	0	1	0	1	1	1	1	0	0	1	0	0	1	1	1	0	0	1	0	0	0	0	0	0	1	0
147	102	3	2	3	5	13	0	0	0	0	1	0	0	1	1	1	1	1	1	1	1	1	1	0	0	1	0	0	0	0	0	0	1	0
148	125	3	2	1	2	6	5	0	0	1	0	0	1	1	1	0	1	1	0	0	1	1	1	0	0	1	0	0	0	0	0	0	1	0
149	100	3	2	1	10	14	6	0	0	1	1	1	1	1	1	0	1	1	0	1	1	1	1	0	0	1	0	0	0	0	0	0	1	0
150	153	3	2	2	2	7	0	40	0	1	0	0	1	1	1	0	0	1	0	1	0	0	1	0	0	1	0	0	0	0	0	0	1	0
151	135	4	3	1	12	13	5	12	0	1	1	1	1	1	1	1	1	1	0	1	1	0	1	0	0	1	0	0	0	0	0	0	1	0
152	155	5	3	2	7	8	18	0	0	1	1	0	1	1	1	0	0	1	0	1	1	1	1	0	0	1	0	0	0	0	0	0	1	0
153	88	3	2	1	7	15	12	0	0	1	0	1	1	1	1	0	0	1	1	0	1	0	1	0	0	1	0	0	0	0	0	0	1	0
154	70	2	1	1	2	13	0	0	0	1	0	0	1	1	1	0	1	1	0	0	1	1	1	0	0	1	0	0	0	0	0	0	1	0
155	115	3	2	2	3	11	15	0	0	1	0	0	1	1	1	0	0	1	0	0	0	1	1	0	0	1	0	0	0	0	0	0	1	0
156	98	3	2	1	5	10	8	0	0	1	0	0	1	1	1	0	0	1	0	0	0	0	1	0	0	1	0	0	0	0	0	0	1	0
157	75	3	2	1	7	9	7	0	0	1	0	1	1	1	1	0	1	1	0	1	0	1	1	0	0	1	0	0	0	0	0	0	1	0
158	67	3	2	1	3	8	7	0	0	1	0	1	1	1	1	0	0	1	0	0	0	1	1	0	0	1	0	0	0	0	0	0	1	0
159	127	4	3	2	2	9	8	0	0	1	1	1	1	1	1	0	0	1	0	1	1	0	1	0	0	1	0	0	0	0	0	0	1	0
160	106	4	2	1	6	10	5	0	0	1	0	0	1	1	1	1	1	1	0	1	0	1	1	0	0	1	0	0	0	0	0	0	1	0
161	108	3	2	1	6	11	0	0	0	1	0	1	1	1	1	0	1	1	0	1	1	1	1	0	0	1	0	0	0	0	0	0	1	0
162	70	2	1	1	6	12	14	0	0	1	0	0	1	1	1	0	1	1	0	1	1	1	1	0	0	1	0	0	0	0	0	0	1	0
163	45	2	1	1	3	10	0	0	0	1	0	1	1	0	1	0	0	0	0	1	1	1	1	0	0	1	0	0	0	0	0	0	1	0
164	75	2	1	3	3	6	0	0	0	0	0	0	0	1	1	1	0	1	0	1	1	1	1	0	0	1	0	0	0	0	0	0	1	0
165	90	3	2	1	2	6	0	0	0	0	0	0	0	0	0	0	0	0	0	0	0	0	1	0	0	1	0	0	0	0	0	0	1	0
166	68	2	1	1	14	15	7	0	0	1	0	0	1	1	1	0	0	0	1	1	1	1	1	0	0	1	0	0	0	0	0	0	1	0
167	100	3	2	2	6	14	0	0	0	1	0	1	1	1	1	0	1	1	0	1	1	1	1	0	0	1	0	0	0	0	0	0	1	0
168	82	4	3	2	3	8	0	0	0	1	1	0	1	1	1	0	0	1	0	0	0	0	1	0	0	1	0	0	0	0	0	0	1	0
169	90	4	3	1	4	12	0	0	0	1	1	1	1	1	1	0	1	1	0	1	1	0	1	0	0	1	0	0	0	0	0	0	1	0
170	150	5	3	2	11	13	3	0	0	1	0	1	1	1	1	0	1	1	0	1	1	1	1	0	0	1	0	0	0	0	0	0	1	0
171	92	3	2	1	1	19	5	0	0	1	0	0	1	1	0	0	1	1	0	0	0	0	1	0	0	1	0	0	0	0	0	0	1	0
172	103	2	1	2	10	11	0	0	0	1	0	0	1	1	1	0	0	1	0	0	0	0	1	0	0	1	0	0	0	0	0	0	1	0
173	155	3	2	2	3	8	4	40	0	1	0	1	1	1	1	0	1	1	0	0	0	0	1	0	0	1	0	0	0	0	0	0	1	0
174	42	2	1	1	2	8	4	0	0	1	1	0	1	1	1	0	1	1	1	1	1	1	1	0	0	1	0	0	0	0	0	0	0	1
175	84	3	1	1	1	9	7	0	0	1	1	0	1	1	0	0	0	0	0	0	1	0	1	0	0	1	0	0	0	0	0	0	0	1
176	45	2	1	2	2	8	4	0	0	1	1	0	1	1	0	0	1	1	0	0	0	0	1	0	0	1	0	0	0	0	0	0	0	1
177	50	2	1	2	3	9	0	0	0	1	0	0	1	1	0	0	1	1	0	0	1	0	1	0	0	1	0	0	0	0	0	0	0	1
178	70	3	2	1	9	13	7	0	0	0	1	0	0	1	1	0	0	1	0	0	1	0	1	0	0	1	0	0	0	0	0	0	0	1
179	48	2	1	1	5	10	0	0	0	1	0	0	1	1	1	0	0	1	0	0	0	0	1	0	0	1	0	0	0	0	0	0	0	1
180	71	3	2	1	6	12	0	0	0	1	1	0	1	1	1	0	1	1	1	0	1	0	1	0	0	1	0	0	0	0	0	0	0	1
181	78	4	3	1	3	9	6	0	0	1	0	0	1	1	1	0	1	1	1	0	1	0	1	0	0	1	0	0	0	0	0	0	0	1
182	62	3	2	1	2	6	3	0	0	1	1	1	1	1	1	0	1	1	1	0	1	0	1	0	0	1	0	0	0	0	0	0	0	1
183	49	2	1	1	2	11	6	0	0	1	1	0	1	1	1	0	1	1	0	0	0	0	1	0	0	1	0	0	0	0	0	0	0	1
184	50	2	1	1	3	9	5	0	0	1	1	1	1	1	0	0	0	1	1	0	0	0	1	0	0	1	0	0	0	0	0	0	0	1
185	54	3	2	1	5	13	3	0	0	1	0	0	0	0	0	0	0	1	1	0	0	0	1	0	0	1	0	0	0	0	0	0	0	1
186	66	3	2	1	5	12	5	0	0	1	0	0	0	0	0	0	0	1	1	0	0	0	1	0	0	1	0	0	0	0	0	0	0	1
187	74	4	3	2	5	6	3	0	0	1	1	0	1	1	1	0	0	1	0	0	0	0	1	0	0	1	0	0	0	0	0	0	0	1
188	42	2	1	1	6	9	2	0	0	0	1	0	0	1	1	0	0	1	1	0	0	0	1	0	0	1	0	0	0	0	0	0	0	1
189	54	2	0	1	4	9	0	0	0	1	1	1	1	1	1	0	0	1	0	0	0	0	1	0	0	1	0	0	0	0	0	0	0	1
190	45	2	0	1	1	8	8	0	0	1	1	1	1	1	1	0	0	1	1	0	0	0	1	0	0	1	0	0	0	0	0	0	0	1
191	65	2	1	1	1	5	3	0	8	0	0	0	1	1	0	0	1	0	0	0	1	0	1	0	0	1	0	0	0	0	0	0	0	1
192	60	3	2	1	3	12	3	0	0	1	0	0	1	1	1	0	1	1	1	1	1	1	1	0	0	1	0	0	0	0	0	1	0	0
193	80	3	2	1	9	14	4	0	0	1	0	0	1	1	1	0	1	1	1	0	1	1	1	0	0	1	0	0	0	0	0	1	0	0
194	65	2	1	1	7	7	5	0	0	1	0	0	1	1	1	0	0	1	0	0	0	0	1	0	0	1	0	0	0	0	0	1	0	0
195	180	4	3	1	3	14	24	0	0	1	1	1	1	1	1	0	1	1	1	1	1	1	1	0	0	1	0	0	0	0	0	1	0	0
196	50	2	1	1	2	10	0	0	0	1	1	0	1	1	1	0	1	1	0	1	1	0	1	0	0	1	0	0	0	0	0	1	0	0
197	78	2	1	1	5	9	11	0	0	1	1	0	1	1	1	0	1	1	0	1	1	1	1	0	0	1	0	0	0	0	0	1	0	0
198	47	2	1	2	2	5	0	0	0	1	0	0	1	1	0	0	1	0	0	0	0	0	1	0	0	1	0	0	0	0	0	1	0	0
199	47	2	1	2	2	5	0	0	0	1	0	0	1	1	0	0	1	0	0	0	0	0	1	0	0	1	0	0	0	0	0	1	0	0
200	50	3	2	1	2	9	4	0	0	1	0	0	1	1	1	0	1	1	0	0	1	0	1	0	0	1	0	0	0	0	0	1	0	0
201	72	3	2	1	2	9	12	0	0	1	0	1	1	1	1	0	1	1	0	0	1	1	1	0	0	1	0	0	0	0	0	1	0	0
202	59	2	1	1	3	8	5	0	0	1	0	1	1	1	1	0	1	1	0	1	1	1	1	0	0	1	0	0	0	0	0	1	0	0
203	131	4	3	3	4	22	13	0	0	1	0	0	1	1	0	0	0	1	1	0	0	0	1	0	0	1	0	0	0	0	0	1	0	0
204	50	2	1	1	3	5	7	0	0	1	0	0	1	1	1	0	1	0	0	0	1	1	1	0	0	1	0	0	0	0	0	1	0	0
205	164	5	3	3	16	22	0	0	0	1	0	0	1	1	1	0	1	1	1	1	1	1	1	0	0	1	0	0	0	0	0	1	0	0
206	90	3	2	2	9	12	20	20	20	1	0	1	1	1	1	0	1	1	0	1	1	1	1	0	0	1	0	0	0	0	0	1	0	0
207	98	3	2	1	12	22	8	0	0	1	1	0	1	1	1	0	1	1	1	0	1	1	1	0	0	1	0	0	0	0	0	1	0	0
208	70	2	1	1	5	23	0	0	0	1	0	1	1	1	0	0	0	1	1	0	0	0	1	0	0	1	0	0	0	0	0	1	0	0
209	55	2	1	1	3	9	0	0	0	0	0	0	0	0	0	0	0	0	0	0	0	0	1	0	0	1	0	0	0	0	0	1	0	0
210	88	3	2	2	8	12	2	0	2	1	0	1	1	0	1	0	1	0	0	1	1	1	1	0	0	1	0	0	0	0	0	1	0	0
211	118	4	2	2	5	6	18	0	0	1	1	0	1	1	0	0	0	1	0	0	0	0	1	0	0	1	0	0	0	0	0	1	0	0
212	135	4	3	2	5	6	18	0	0	1	1	1	1	1	0	0	0	1	0	0	0	0	1	0	0	1	0	0	0	0	0	1	0	0
213	124	4	3	2	14	17	9	0	0	1	0	1	1	1	1	0	0	1	1	0	0	0	1	0	0	1	0	0	0	0	0	1	0	0
214	140	4	3	2	8	15	10	0	0	1	1	0	1	1	1	0	1	1	1	1	1	1	1	0	0	1	0	0	0	0	0	1	0	0
215	58	2	1	1	3	10	0	0	0	1	0	0	1	0	0	0	1	1	0	0	0	0	1	0	0	1	0	0	0	0	0	1	0	0
216	100	3	2	2	4	16	0	0	0	1	0	1	1	1	1	0	1	1	1	1	1	1	1	0	0	1	0	0	0	0	0	1	0	0
217	50	2	1	1	5	8	0	0	0	1	0	0	1	1	1	0	1	1	0	1	1	0	1	0	0	1	0	0	0	0	0	1	0	0
218	200	5	4	2	2	9	0	0	0	1	1	1	1	1	1	0	1	1	0	1	0	1	1	0	0	1	0	0	0	0	0	1	0	0
219	80	3	2	1	18	22	3	0	0	1	0	1	1	1	1	0	0	1	1	1	1	0	1	0	0	1	0	0	0	0	0	1	0	0
220	46	2	1	1	4	7	5	0	0	1	0	0	1	1	1	0	1	1	0	1	1	1	1	0	0	1	0	0	0	0	0	1	0	0
221	53	3	2	1	6	7	6	0	0	1	0	1	1	1	1	0	0	1	0	0	0	1	1	0	0	1	0	0	0	0	0	1	0	0
222	100	3	2	1	2	6	14	0	0	1	1	1	1	1	1	0	1	1	0	0	1	0	1	0	0	1	0	0	0	0	0	1	0	0
223	115	4	0	2	15	16	12	8	0	1	0	1	1	1	1	0	1	1	0	0	1	1	1	0	0	1	0	0	0	0	0	1	0	0
224	53	3	2	1	6	7	6	0	0	1	0	0	1	1	1	0	1	1	0	1	1	1	1	0	0	1	0	0	0	0	0	1	0	0
225	48	2	1	1	3	9	3	0	0	1	0	1	1	1	0	0	1	1	0	0	0	0	1	0	0	1	0	0	0	0	0	1	0	0
226	52	2	1	1	3	12	6	0	0	1	1	0	1	1	1	0	1	1	0	1	1	1	1	0	0	1	0	0	0	0	0	1	0	0
227	41	2	1	1	7	11	2	0	0	1	0	0	1	1	1	0	1	1	0	0	1	1	1	0	0	1	0	0	0	0	0	1	0	0
228	70	2	1	1	6	7	10	0	0	1	0	0	1	1	1	0	0	1	0	0	0	1	1	0	0	1	0	0	0	0	0	1	0	0
229	110	4	3	2	7	8	10	0	0	1	1	1	1	1	1	0	0	1	0	1	1	0	1	0	0	1	0	0	0	0	0	1	0	0
230	110	3	2	2	9	14	10	0	0	1	1	0	1	1	1	0	1	1	1	0	1	1	1	0	0	1	0	0	0	0	0	1	0	0
231	62	2	1	1	8	18	0	0	0	1	1	0	1	1	1	0	1	1	1	0	0	0	1	0	0	1	0	0	0	0	0	1	0	0
232	101	3	2	1	8	11	0	0	0	1	0	1	1	1	1	0	1	1	0	1	1	0	1	0	0	1	0	0	0	0	0	1	0	0
233	120	4	3	2	13	14	5	0	0	1	1	1	1	1	1	0	1	1	1	0	1	1	1	0	0	1	0	0	0	0	0	1	0	0
234	240	5	3	3	5	6	6	20	0	1	1	1	1	1	1	1	1	1	0	0	1	1	1	0	0	1	0	0	0	0	0	1	0	0
235	98	3	2	1	5	10	8	0	0	1	0	0	1	1	1	0	0	1	0	0	0	0	1	0	0	1	0	0	0	0	0	1	0	0
236	44	2	1	1	6	10	3	0	0	1	1	0	1	1	1	0	0	0	0	1	0	0	1	0	0	1	0	0	0	0	0	1	0	0
237	45	2	1	1	5	13	3	0	0	1	1	1	1	1	1	0	1	1	1	1	1	0	1	0	0	1	0	0	0	0	0	1	0	0
238	112	4	3	2	16	19	12	0	0	1	0	0	1	1	1	0	0	1	1	1	0	1	1	0	0	1	0	0	0	0	0	1	0	0
239	82	3	2	1	2	11	0	0	0	1	0	0	1	1	1	0	1	1	0	1	1	0	1	0	0	1	0	0	0	0	0	1	0	0
240	64	2	1	1	8	18	0	0	0	1	1	0	1	1	1	0	1	1	1	0	0	0	1	0	0	1	0	0	0	0	0	1	0	0
241	55	3	2	2	2	10	6	0	0	1	0	0	1	1	1	0	0	0	0	1	1	0	1	0	0	1	0	0	0	0	0	1	0	0
242	57	3	2	1	2	9	3	0	0	1	0	1	1	1	1	0	1	1	0	1	1	0	1	0	0	1	0	0	0	0	0	1	0	0
243	60	3	2	1	5	10	8	0	0	1	1	1	1	1	1	0	0	1	0	0	1	0	1	0	0	1	0	0	0	0	0	1	0	0
244	67	3	2	1	3	10	7	0	0	1	0	0	1	1	1	0	1	1	0	0	0	1	1	0	0	1	0	0	0	0	0	1	0	0
245	93	4	3	1	1	5	4	0	0	1	1	0	1	1	1	0	0	1	0	1	1	0	1	0	0	1	0	0	0	0	0	1	0	0
246	60	2	1	1	2	13	6	0	0	1	0	1	1	1	1	0	1	1	0	0	1	0	1	0	0	1	0	0	0	0	0	1	0	0
247	108	3	2	2	10	10	0	18	0	1	0	0	1	1	1	0	0	1	0	0	0	0	1	0	0	1	0	0	0	0	0	1	0	0
248	64	2	1	1	8	14	6	0	0	1	0	0	1	1	1	0	1	1	0	1	1	1	1	0	0	1	0	0	0	0	0	1	0	0
249	73	3	2	1	13	15	6	0	0	0	0	0	0	1	0	0	0	1	1	0	0	1	1	0	0	1	0	0	0	0	0	1	0	0
250	140	4	3	3	4	9	12	0	0	1	0	0	1	1	1	0	0	1	0	0	1	1	1	0	0	1	0	0	0	0	0	1	0	0
251	105	2	1	1	4	4	8	12	0	1	1	0	1	1	1	1	1	0	0	0	1	1	1	0	0	1	0	0	0	0	0	1	0	0
252	220	5	4	2	5	6	20	0	0	1	1	1	1	1	1	1	0	1	0	1	0	1	1	0	0	1	0	0	0	0	0	1	0	0
253	56	2	1	1	5	13	3	0	0	1	0	1	1	1	1	0	1	1	1	1	1	0	1	0	0	1	0	0	0	0	0	1	0	0
254	60	2	1	1	2	10	4	0	0	0	0	0	0	0	0	0	0	0	0	0	0	0	1	0	0	1	0	0	0	0	0	1	0	0
255	68	3	2	1	5	14	3	0	0	1	0	0	1	1	1	0	1	1	0	0	1	1	1	0	0	1	0	0	0	0	0	1	0	0
256	108	3	2	2	9	10	0	18	0	1	0	0	1	1	1	0	0	1	0	0	0	0	1	0	0	1	0	0	0	0	0	1	0	0
257	98	3	2	1	9	12	0	0	0	1	1	0	1	1	1	0	1	1	0	0	1	1	1	0	0	1	0	0	0	0	0	1	0	0
258	58	3	2	1	3	12	4	0	0	1	0	0	1	1	0	0	0	1	1	0	0	0	1	0	0	1	0	0	0	0	0	1	0	0
259	43	2	1	1	9	11	4	0	0	1	1	0	1	1	1	0	1	1	0	0	0	0	1	0	0	1	0	0	0	0	0	1	0	0
260	145	3	2	2	9	12	12	10	0	1	1	0	1	1	1	0	1	1	0	1	1	1	1	0	0	1	0	0	0	0	0	1	0	0
261	80	3	2	1	3	5	7	0	0	1	1	0	1	1	1	0	0	1	0	0	0	0	1	0	0	1	0	0	0	0	0	1	0	0
262	108	3	0	1	4	6	9	0	0	1	0	0	1	1	0	0	0	1	0	0	0	0	1	0	0	1	0	0	0	0	0	1	0	0
263	108	3	2	1	4	7	5	0	0	1	0	0	1	1	1	0	0	1	0	0	0	0	1	0	0	1	0	0	0	0	0	1	0	0
264	61	2	1	1	14	17	4	0	0	1	0	1	1	1	1	0	0	1	1	1	1	0	1	0	0	1	0	0	0	0	0	1	0	0
265	46	2	1	1	4	14	3	0	0	1	0	1	1	1	1	0	0	1	1	1	1	0	1	0	0	1	0	0	0	0	0	1	0	0
266	225	5	3	3	9	9	0	30	0	1	1	1	1	1	1	0	0	1	0	0	0	1	1	0	0	1	0	0	0	0	0	1	0	0
267	140	4	3	2	4	7	0	0	0	1	0	1	1	1	1	0	1	1	0	1	0	1	1	0	0	1	0	0	0	0	0	1	0	0
268	130	3	2	2	3	10	0	0	0	1	1	1	1	1	1	0	1	1	0	1	1	1	1	0	0	1	0	0	0	0	0	1	0	0
269	111	3	2	2	10	12	8	0	0	1	1	0	1	1	1	0	1	1	1	0	0	0	1	0	0	1	0	0	0	0	0	1	0	0
270	70	3	2	1	2	5	2	0	0	1	1	0	1	1	1	0	1	0	0	0	1	0	1	0	0	1	0	0	0	0	0	1	0	0
271	83	2	1	1	6	12	5	0	0	1	0	1	1	1	1	0	0	1	0	0	0	0	1	0	0	1	0	0	0	0	0	1	0	0
272	60	3	2	2	5	7	0	0	0	1	1	1	1	1	1	0	0	1	0	1	1	1	1	0	0	1	0	0	0	0	0	1	0	0
273	83	3	2	1	8	13	0	0	0	1	1	1	1	1	1	0	1	1	1	1	1	1	1	0	0	1	0	0	0	0	0	1	0	0
274	68	3	2	1	4	7	5	0	0	0	0	0	1	1	0	0	0	0	0	0	0	0	1	0	0	1	0	0	0	0	0	1	0	0
275	150	5	3	2	2	18	17	0	0	1	0	1	1	1	1	0	1	1	0	1	1	1	1	0	0	1	0	0	0	0	0	1	0	0
276	83	3	2	2	1	7	4	0	0	1	1	1	1	1	1	0	0	1	0	1	1	0	1	0	0	1	0	0	0	0	0	1	0	0
277	130	4	3	2	6	16	10	0	0	1	0	0	1	1	0	0	1	1	1	0	0	0	1	0	0	1	0	0	0	0	0	1	0	0
278	110	4	3	1	14	14	3	0	0	1	1	1	1	1	1	1	1	1	0	0	0	1	1	0	0	1	0	0	0	0	0	1	0	0
279	100	4	2	1	2	14	0	0	0	1	0	0	1	1	1	0	1	1	1	1	1	0	1	0	0	1	0	0	0	0	0	1	0	0
280	62	3	2	1	3	12	2	0	0	1	0	0	1	1	0	0	0	1	1	0	0	0	1	0	0	1	0	0	0	0	0	1	0	0
281	200	5	4	3	10	11	15	10	0	1	1	1	1	1	1	1	1	1	0	1	1	1	1	0	0	1	0	0	0	0	0	1	0	0
282	132	4	2	2	6	10	12	0	0	1	0	0	1	1	1	0	1	1	0	0	0	1	1	0	0	1	0	0	0	0	0	1	0	0
283	200	5	3	1	7	9	0	0	0	0	1	1	0	1	0	0	0	0	0	1	0	0	1	0	0	1	0	0	0	0	0	1	0	0
284	135	5	3	2	7	16	0	0	0	1	1	1	1	1	1	0	0	1	1	0	1	1	1	0	0	1	0	0	0	0	0	1	0	0
285	107	3	2	1	2	12	10	0	0	1	0	0	1	1	1	0	0	1	1	1	0	1	1	0	0	1	0	0	0	0	0	1	0	0
286	55	2	1	1	6	11	0	0	0	1	0	0	1	1	1	0	0	1	0	0	0	0	1	0	0	1	0	0	0	0	0	1	0	0
287	200	5	3	2	5	5	0	0	0	1	1	1	1	1	1	1	1	0	0	1	1	1	1	0	0	1	0	0	0	0	0	1	0	0
288	134	4	0	2	4	16	0	0	0	1	0	1	1	1	1	0	1	1	1	1	1	0	1	0	0	1	0	0	0	0	0	1	0	0
289	178	4	3	2	11	15	15	15	0	1	1	1	1	1	1	0	1	1	1	1	1	1	1	0	0	1	0	0	0	0	0	1	0	0
290	62	2	1	1	6	6	10	0	0	1	1	0	0	1	1	0	1	0	0	0	0	0	1	0	0	1	0	0	0	0	0	1	0	0
291	100	3	2	1	1	16	4	0	0	1	1	0	1	1	1	0	0	1	0	1	0	0	1	0	0	1	0	0	0	0	0	1	0	0
292	42	3	2	1	1	4	7	0	0	0	1	0	1	1	1	0	1	0	0	0	0	1	0	1	0	1	0	0	0	0	1	0	0	0
293	17	1	1	2	4	6	0	0	0	1	0	0	1	1	0	0	0	0	0	0	0	0	0	1	0	1	0	0	0	0	1	0	0	0
294	100	3	2	2	2	14	8	0	12	1	0	0	1	1	1	0	1	0	0	1	1	1	0	1	0	1	0	0	0	0	1	0	0	0
295	63	3	2	2	5	9	0	0	0	1	1	0	1	1	0	0	0	1	0	1	1	1	0	1	0	1	0	0	0	0	1	0	0	0
296	80	3	2	1	6	9	3	0	0	1	1	0	1	1	1	0	1	1	0	1	1	1	0	1	0	1	0	0	0	0	1	0	0	0
297	45	1	1	2	1	9	0	0	0	0	0	0	1	1	0	0	0	1	0	0	0	0	0	1	0	1	0	0	0	0	1	0	0	0
298	75	3	2	3	4	9	3	0	12	1	1	1	1	1	1	0	1	1	0	0	0	0	0	1	0	1	0	0	0	0	1	0	0	0
299	77	2	1	1	2	9	3	0	12	1	1	0	1	1	1	0	1	1	0	1	1	0	0	1	0	1	0	0	0	0	1	0	0	0
300	57	1	1	1	7	9	3	0	6	0	1	0	1	1	1	0	1	1	1	1	1	0	0	1	0	1	0	0	0	0	1	0	0	0
301	90	3	2	3	8	9	0	0	0	1	1	1	1	1	1	0	1	1	0	0	1	0	0	1	0	1	0	0	0	0	1	0	0	0
302	99	3	2	1	9	9	20	0	50	1	1	1	1	1	1	0	1	1	0	1	0	0	0	1	0	1	0	0	0	0	1	0	0	0
303	130	2	1	3	1	9	9	0	12	1	1	1	1	1	1	0	1	0	0	1	1	1	0	1	0	1	0	0	0	0	1	0	0	0
304	86	1	0	1	1	2	6	0	0	1	1	1	1	1	1	0	0	0	0	0	1	0	0	1	0	1	0	0	0	0	1	0	0	0
305	105	4	2	1	2	4	0	0	30	1	1	1	0	1	1	0	1	1	0	1	0	0	0	1	0	1	0	0	0	0	1	0	0	0
306	85	4	3	1	1	15	0	0	8	1	0	1	1	1	1	0	0	1	0	0	0	0	0	1	0	1	0	0	1	0	0	0	0	0
307	62	2	1	1	7	15	8	0	8	1	0	1	1	1	1	0	1	1	1	1	1	0	0	1	0	1	0	0	1	0	0	0	0	0
308	94	3	2	2	7	15	10	0	15	1	0	1	1	1	1	0	0	1	1	0	0	0	0	1	0	1	0	0	1	0	0	0	0	0
309	66	3	2	1	2	16	0	0	0	1	1	1	1	1	1	0	0	1	0	1	1	0	0	1	0	1	0	0	1	0	0	0	0	0
310	80	3	2	0	14	16	3	0	0	1	0	1	1	1	1	0	0	1	1	1	0	0	0	1	0	1	0	0	1	0	0	0	0	0
311	80	3	2	1	14	16	3	0	0	1	0	0	1	1	1	0	0	1	1	1	0	0	0	1	0	1	0	0	1	0	0	0	0	0
312	85	3	2	1	6	9	0	0	0	0	0	0	0	0	0	0	0	1	0	0	0	0	0	1	0	1	0	0	1	0	0	0	0	0
313	51	1	0	1	8	9	3	0	0	1	0	1	1	1	0	0	0	1	0	0	0	0	0	1	0	1	0	0	0	1	0	0	0	0
314	97	4	2	2	7	8	3	0	15	1	1	0	1	1	1	1	0	1	0	1	1	1	0	1	0	1	0	0	0	1	0	0	0	0
315	75	3	2	1	2	5	0	0	17	1	1	0	1	1	1	0	0	0	0	0	0	0	0	1	0	1	0	0	0	1	0	0	0	0
316	101	4	3	2	6	14	12	0	0	1	1	1	1	1	1	0	0	1	0	1	0	0	0	1	0	1	0	0	0	1	0	0	0	0
317	35	1	1	1	1	5	0	0	0	1	1	1	1	1	1	0	1	0	0	1	1	0	0	1	0	1	0	0	0	1	0	0	0	0
318	111	5	3	1	4	8	6	0	0	1	1	0	1	1	1	0	1	1	0	0	0	0	0	1	0	1	0	0	0	1	0	0	0	0
319	63	3	2	1	4	5	2	0	0	1	1	1	1	1	0	0	0	0	0	0	0	0	0	1	0	1	0	0	0	1	0	0	0	0
320	64	2	1	1	6	6	0	20	0	1	0	0	1	1	1	0	1	0	0	0	0	1	0	1	0	1	0	0	0	1	0	0	0	0
321	135	4	2	2	3	7	0	0	0	1	0	0	1	1	1	0	1	0	0	0	1	0	0	1	0	1	0	0	0	0	0	0	1	0
322	60	2	1	1	2	5	2	0	0	1	0	0	1	1	1	0	1	1	0	1	1	0	0	1	0	1	0	0	0	0	0	0	1	0
323	130	4	3	2	5	12	7	0	40	1	0	0	1	1	1	0	0	1	1	0	1	0	0	1	0	1	0	0	0	0	0	0	1	0
324	22	1	1	1	1	5	0	0	0	1	0	0	1	1	1	0	1	0	0	0	1	1	0	1	0	1	0	0	0	0	0	0	1	0
325	110	3	2	2	2	5	5	0	0	0	0	0	0	0	1	0	0	0	0	1	1	1	0	1	0	1	0	0	0	0	0	0	1	0
326	195	3	2	2	5	5	5	0	0	1	1	1	1	1	1	1	0	0	0	1	1	1	0	1	0	1	0	0	0	0	0	0	1	0
327	95	3	2	1	1	14	0	0	0	1	0	1	1	1	1	0	1	1	0	1	1	1	0	1	0	1	0	0	0	0	0	0	1	0
328	140	4	2	2	2	8	0	0	0	1	1	1	1	1	1	0	1	1	1	1	1	1	0	1	0	1	0	0	0	0	0	0	1	0
329	100	3	2	2	7	7	16	0	12	1	1	1	1	1	1	0	0	1	0	1	1	1	0	1	0	1	0	0	0	0	0	0	1	0
330	60	3	2	1	9	9	0	0	9	1	0	0	1	1	1	0	0	0	0	1	1	1	0	1	0	1	0	0	0	0	0	0	0	1
331	66	3	2	1	4	9	0	0	7	1	0	1	1	1	1	0	0	1	0	1	1	0	0	1	0	1	0	0	0	0	0	0	0	1
332	60	2	1	1	1	9	0	0	60	1	0	1	1	1	1	0	1	1	0	1	0	0	0	1	0	1	0	0	0	0	0	0	0	1
333	86	3	2	3	8	9	5	0	0	0	0	1	1	1	1	0	0	1	0	1	0	0	0	1	0	1	0	0	0	0	0	0	0	1
334	72	2	1	1	11	16	0	0	0	1	0	0	1	1	1	0	1	1	0	0	1	0	0	1	0	1	0	0	0	0	0	0	0	1
335	110	5	3	2	4	9	13	7	0	1	1	1	1	1	1	0	0	1	0	1	1	1	0	1	0	1	0	0	0	0	0	0	0	1
336	42	2	1	1	1	12	1	0	0	1	0	0	1	1	1	0	1	0	0	0	1	1	0	1	0	1	0	0	0	0	0	1	0	0
337	100	3	2	1	5	14	0	0	0	0	0	0	0	0	0	0	1	1	0	0	0	0	0	1	0	1	0	0	0	0	0	1	0	0
338	37	2	1	1	6	7	3	0	0	1	0	0	1	1	1	0	1	1	0	0	1	0	0	1	0	1	0	0	0	0	0	1	0	0
339	37	2	1	1	6	7	3	0	0	1	0	0	1	1	1	0	1	1	0	0	1	0	0	1	0	1	0	0	0	0	0	1	0	0
340	90	3	2	1	12	18	0	0	0	1	0	1	1	1	1	0	1	1	1	1	1	1	0	1	0	1	0	0	0	0	0	1	0	0
341	65	3	2	2	6	9	0	0	0	1	1	0	1	1	1	0	1	1	0	1	1	0	0	1	0	1	0	0	0	0	0	1	0	0
342	110	3	2	2	3	18	8	0	0	1	0	1	1	1	1	0	1	1	1	1	1	1	0	1	0	1	0	0	0	0	0	1	0	0
343	105	4	0	2	12	15	4	0	6	1	1	1	1	1	1	0	1	1	1	1	1	1	0	1	0	1	0	0	0	0	0	1	0	0
344	120	3	2	1	3	5	8	0	20	1	1	1	1	1	1	1	1	0	0	1	1	0	0	1	0	1	0	0	0	0	0	1	0	0
345	38	2	1	1	6	8	3	0	0	1	1	1	1	1	1	0	0	1	0	0	1	0	0	1	0	1	0	0	0	0	0	1	0	0
346	140	7	3	2	4	5	18	5	0	1	0	1	1	1	1	0	1	0	0	1	1	0	0	1	0	1	0	0	0	0	0	1	0	0
347	58	2	1	1	7	8	3	0	10	0	0	0	0	1	1	0	0	1	0	0	0	0	0	1	0	1	0	0	0	0	0	1	0	0
348	103	4	3	1	3	8	0	0	0	1	1	1	1	1	1	0	0	1	0	1	1	1	0	1	0	1	0	0	0	0	0	1	0	0
349	80	3	2	1	7	8	0	0	0	1	0	0	1	1	1	0	1	1	0	0	0	0	0	1	0	1	0	0	0	0	0	1	0	0
350	75	3	2	2	5	8	0	0	0	1	0	0	1	1	1	0	1	1	0	1	1	0	0	1	0	1	0	0	0	0	0	1	0	0
351	63	3	2	1	5	4	0	0	0	1	1	1	1	1	1	0	0	0	0	1	1	1	0	1	0	1	0	0	0	0	0	1	0	0
352	55	2	1	1	3	8	6	0	4	1	1	1	1	1	1	0	1	1	0	0	1	1	0	1	0	1	0	0	0	0	0	1	0	0
353	19	1	1	1	5	7	0	0	0	1	0	0	1	1	1	0	0	1	0	0	0	0	0	1	0	1	0	0	0	0	0	1	0	0
354	60	3	2	1	4	4	3	0	0	1	1	0	1	1	1	0	1	0	0	1	1	1	0	1	0	1	0	0	0	0	0	1	0	0
355	40	2	1	1	4	7	0	0	0	1	0	0	1	1	1	0	0	1	0	0	0	0	0	1	0	1	0	0	0	0	0	1	0	0
356	26	1	1	1	4	7	0	0	0	1	0	0	1	1	1	0	0	1	0	0	0	0	0	1	0	1	0	0	0	0	0	1	0	0
357	60	2	0	2	8	9	0	0	0	1	1	1	1	1	1	0	0	1	0	1	0	1	0	1	0	1	0	0	0	0	0	1	0	0
358	36	2	1	2	4	7	0	0	0	1	1	1	1	1	1	0	0	0	0	1	1	1	0	1	0	1	0	0	0	0	0	1	0	0
359	33	2	1	1	3	5	0	0	0	1	0	0	1	1	1	0	0	0	0	0	0	0	0	1	0	1	0	0	0	0	0	1	0	0
360	28	1	0	1	3	5	0	0	0	1	0	0	1	1	1	0	0	0	0	0	0	0	0	1	0	1	0	0	0	0	0	1	0	0
361	80	3	2	2	3	6	0	0	0	1	1	0	1	1	1	0	1	0	0	1	0	1	0	1	0	1	0	0	0	0	0	1	0	0
362	82	4	2	2	3	5	0	0	0	1	0	1	1	1	1	0	1	0	0	1	1	1	0	1	0	1	0	0	0	0	0	1	0	0
363	175	5	4	1	8	9	0	0	0	0	1	1	1	1	1	0	0	1	0	0	0	0	0	1	0	1	0	0	0	0	0	1	0	0
364	90	3	2	1	16	16	0	0	0	1	1	0	1	1	1	0	1	1	1	0	1	1	0	1	0	1	0	0	0	0	0	1	0	0
365	120	4	2	1	3	8	8	0	0	1	1	1	1	1	1	0	1	1	0	1	1	1	0	1	0	1	0	0	0	0	0	1	0	0
366	120	3	2	2	4	8	4	0	0	1	1	1	1	1	1	0	1	1	0	1	1	1	0	1	0	1	0	0	0	0	0	1	0	0
367	60	2	1	2	5	5	3	0	0	1	0	1	1	1	1	0	1	0	0	1	1	1	0	1	0	1	0	0	0	0	0	1	0	0
368	65	2	2	1	8	8	0	0	0	1	1	1	1	1	1	0	1	1	0	1	0	0	0	1	0	1	0	0	0	0	0	1	0	0
369	74	3	2	1	3	5	0	0	10	0	0	0	0	1	0	0	0	0	0	0	0	0	0	1	0	1	0	0	0	0	0	1	0	0
370	93	3	2	1	3	8	10	0	14	1	1	1	1	1	1	0	0	1	0	0	0	0	0	1	0	1	0	0	0	0	0	1	0	0
371	145	4	3	2	4	9	10	0	18	1	0	1	1	1	1	0	1	1	0	0	0	0	0	1	0	1	0	0	0	0	0	1	0	0
372	100	3	2	1	3	9	5	0	0	1	1	1	1	1	1	0	1	1	0	1	1	1	0	1	0	1	0	0	0	0	0	1	0	0
373	90	3	2	1	13	16	10	0	0	1	1	1	1	1	1	0	1	1	1	1	1	1	0	1	0	1	0	0	0	0	0	1	0	0
374	58	1	1	1	7	8	0	20	0	1	0	0	1	1	1	1	1	1	0	0	1	0	0	1	0	1	0	0	0	0	0	1	0	0
375	51	3	2	1	2	3	0	0	0	1	1	0	1	1	1	0	0	0	0	1	0	1	0	1	0	1	0	0	0	0	0	1	0	0
376	80	3	2	1	6	6	0	0	0	1	1	0	1	1	1	0	1	0	0	0	1	1	0	1	0	1	0	0	0	0	0	1	0	0
377	49	2	1	2	11	11	0	0	0	1	1	1	1	1	1	0	1	1	0	1	0	0	0	1	0	1	0	0	0	0	0	1	0	0
378	250	10	3	3	5	5	20	0	18	1	1	1	1	1	1	1	0	0	0	1	1	1	0	1	0	1	0	0	0	0	0	1	0	0
379	129	4	3	1	1	5	0	0	0	1	1	1	1	1	1	0	0	0	0	1	0	0	0	1	0	1	0	0	0	0	0	1	0	0
380	48	2	1	1	8	8	3	0	0	1	1	1	1	1	1	0	1	1	0	0	1	1	1	0	0	0	1	0	1	0	0	0	0	0
381	50	2	0	3	5	6	2	0	0	1	0	0	1	1	1	0	0	1	0	0	0	0	1	0	0	0	1	0	0	1	0	0	0	0
382	100	4	2	1	6	6	3	0	0	1	1	0	1	1	1	0	0	0	0	0	0	0	1	0	0	0	1	0	0	1	0	0	0	0
383	47	2	1	1	12	16	0	0	15	1	0	1	1	1	1	0	1	1	1	1	0	0	0	1	0	0	1	0	0	0	1	0	0	0
384	67	3	2	1	1	10	0	0	0	1	1	1	1	1	1	0	0	1	0	0	0	0	0	1	0	0	1	0	0	0	1	0	0	0
385	38	2	1	2	3	5	0	0	0	1	1	1	1	1	1	0	0	0	0	0	0	0	0	1	0	0	1	0	0	0	1	0	0	0
386	62	2	1	1	6	8	4	0	0	1	0	1	1	1	0	0	1	1	0	1	0	0	0	1	0	0	1	0	0	0	1	0	0	0
387	67	2	2	2	2	9	0	0	0	1	0	1	1	1	1	0	1	1	0	0	0	0	0	1	0	0	1	0	0	0	1	0	0	0
388	60	2	1	1	2	9	0	0	10	0	0	0	1	1	0	0	0	0	0	0	0	0	0	1	0	0	1	0	0	0	1	0	0	0
389	90	3	2	2	3	9	3	0	15	1	1	1	1	1	1	0	1	1	0	1	0	0	0	1	0	0	1	0	0	0	1	0	0	0
390	104	4	3	2	7	9	0	0	0	1	0	1	1	1	1	0	1	1	0	1	1	0	0	1	0	0	1	0	0	0	1	0	0	0
391	75	3	2	2	7	9	2	0	4	1	0	1	1	1	1	0	0	0	0	1	1	0	0	1	0	0	1	0	0	0	1	0	0	0
392	78	3	2	2	2	9	3	0	12	1	1	0	1	1	1	0	0	0	0	0	0	0	0	1	0	0	1	0	0	0	1	0	0	0
393	80	3	2	1	9	9	0	0	0	1	1	1	1	1	1	0	0	1	0	1	0	0	0	1	0	0	1	0	0	0	1	0	0	0
394	76	3	2	2	8	9	0	0	10	1	1	1	1	1	1	0	0	1	0	1	1	0	0	1	0	0	1	0	0	0	1	0	0	0
395	85	3	2	2	13	16	0	0	14	1	1	1	1	1	1	0	1	1	1	1	1	0	0	1	0	0	1	0	0	0	1	0	0	0
396	50	1	1	1	3	16	0	0	7	1	0	0	1	1	1	0	0	1	0	0	1	0	0	1	0	0	1	0	0	0	1	0	0	0
397	120	4	2	2	6	9	6	0	0	1	1	1	1	1	1	0	1	1	0	1	1	0	0	1	0	0	1	0	0	0	1	0	0	0
398	120	4	2	1	9	9	0	0	0	1	1	1	1	1	0	0	0	1	0	1	1	0	0	1	0	0	1	0	0	0	1	0	0	0
399	85	3	2	1	1	8	0	0	0	0	1	0	0	1	0	0	0	1	0	0	0	0	0	1	0	0	1	0	0	0	1	0	0	0
400	75	3	2	1	7	9	3	0	15	1	0	1	1	1	1	0	0	1	0	0	1	0	0	1	0	0	1	0	0	0	1	0	0	0
401	74	2	1	2	5	9	4	0	10	1	0	1	1	1	1	0	1	1	0	1	1	0	0	1	0	0	1	0	1	0	0	0	0	0
402	67	2	1	1	7	16	0	0	0	1	0	0	1	1	1	0	1	1	1	1	1	1	0	1	0	0	1	0	1	0	0	0	0	0
403	115	3	3	3	7	9	3	0	12	1	1	1	1	1	1	0	1	1	0	1	0	1	0	1	0	0	1	0	1	0	0	0	0	0
404	130	4	2	1	3	9	12	0	0	1	0	1	1	1	1	0	1	1	0	1	1	1	0	1	0	0	1	0	1	0	0	0	0	0
405	85	2	1	1	13	13	4	0	0	1	0	1	1	1	1	0	1	1	0	0	1	0	0	1	0	0	1	0	1	0	0	0	0	0
406	130	4	2	1	10	10	4	50	80	0	0	1	0	1	0	0	0	1	0	0	0	0	0	1	0	0	1	0	1	0	0	0	0	0
407	102	4	2	2	15	16	0	0	0	0	0	1	1	1	0	0	0	1	1	0	1	0	0	1	0	0	1	0	1	0	0	0	0	0
408	100	3	2	1	5	15	7	0	0	1	1	1	1	1	1	0	0	0	0	1	1	0	0	1	0	0	1	0	1	0	0	0	0	0
409	26	1	0	1	13	16	0	0	0	1	0	0	1	1	1	0	1	1	1	0	0	0	0	1	0	0	1	0	0	1	0	0	0	0
410	47	2	1	1	14	14	0	0	0	1	1	1	1	1	1	1	0	1	1	1	0	0	0	1	0	0	1	0	0	1	0	0	0	0
411	70	2	0	2	6	14	15	0	0	0	0	0	1	1	0	0	0	1	0	1	0	0	0	1	0	0	1	0	0	1	0	0	0	0
412	63	3	1	1	2	5	0	0	0	0	0	0	0	1	1	0	0	0	0	1	0	0	0	1	0	0	1	0	0	1	0	0	0	0
413	110	4	3	1	2	9	10	0	14	1	1	1	1	1	0	0	0	1	0	0	0	0	0	1	0	0	1	0	0	1	0	0	0	0
414	75	3	2	1	5	5	0	0	10	1	0	0	1	1	1	0	0	0	0	1	1	0	0	1	0	0	1	0	0	1	0	0	0	0
415	93	4	2	1	6	8	4	4	13	1	1	1	1	1	1	0	0	1	0	1	0	0	0	1	0	0	1	0	0	1	0	0	0	0
416	89	3	1	1	2	8	5	0	0	1	1	1	1	1	1	0	0	0	0	1	0	0	0	1	0	0	1	0	0	1	0	0	0	0
417	45	2	1	1	3	8	0	0	0	0	0	1	1	1	0	0	0	1	0	1	0	1	0	1	0	0	1	0	0	0	0	0	1	0
418	115	4	2	1	3	6	0	0	0	1	1	1	1	1	1	0	0	1	0	1	0	0	0	1	0	0	1	0	0	0	0	0	1	0
419	102	4	2	1	2	10	7	0	0	1	0	0	1	1	1	0	0	1	1	1	0	0	0	1	0	0	1	0	0	0	0	0	1	0
420	91	5	3	2	4	8	2	0	0	1	0	0	1	1	1	0	1	1	0	1	1	0	0	1	0	0	1	0	0	0	0	0	1	0
421	198	5	4	1	2	2	0	0	0	0	0	0	0	0	0	0	0	0	0	0	0	0	0	1	0	0	1	0	0	0	0	0	1	0
422	125	4	2	1	2	5	0	0	0	1	1	1	1	1	1	0	0	0	0	1	0	0	0	1	0	0	1	0	0	0	0	0	1	0
423	160	6	3	3	6	9	4	20	30	1	0	1	1	1	1	0	0	1	0	1	1	1	0	1	0	0	1	0	0	0	0	0	1	0
424	150	4	3	2	4	9	0	0	0	1	1	0	1	1	1	0	1	1	0	1	1	0	0	1	0	0	1	0	0	0	0	0	1	0
425	55	2	1	1	1	7	3	0	3	1	1	1	1	1	1	0	0	1	0	0	1	0	0	1	0	0	1	0	0	0	0	0	1	0
426	200	4	3	2	6	6	21	20	0	1	1	1	1	1	1	1	0	0	0	1	1	1	0	1	0	0	1	0	0	0	0	0	1	0
427	132	4	2	2	3	9	10	0	0	0	0	0	0	0	0	0	0	1	0	0	0	0	0	1	0	0	1	0	0	0	0	0	1	0
428	55	1	1	1	4	9	0	0	0	1	1	1	1	0	1	0	0	1	0	1	1	0	0	1	0	0	1	0	0	0	0	0	1	0
429	182	5	4	2	3	9	20	0	30	1	0	1	1	1	1	1	0	0	0	1	1	0	0	1	0	0	1	0	0	0	0	0	1	0
430	33	2	0	1	1	4	0	0	0	0	0	0	0	0	0	0	0	0	0	0	0	0	0	1	0	0	1	0	0	0	0	0	1	0
431	93	3	2	1	8	8	5	0	10	1	1	1	1	1	1	0	0	1	0	0	0	1	0	1	0	0	1	0	0	0	0	0	1	0
432	140	4	2	1	3	6	0	0	0	0	1	0	1	1	1	0	1	0	0	1	1	1	0	1	0	0	1	0	0	0	0	0	1	0
433	37	1	1	1	3	9	0	0	25	1	0	1	1	1	0	0	0	1	0	0	1	1	0	1	0	0	1	0	0	0	0	0	0	1
434	65	3	2	2	4	16	0	0	0	1	1	1	1	0	1	0	0	0	1	1	0	0	0	1	0	0	1	0	0	0	0	0	0	1
435	65	2	2	1	7	9	0	0	15	1	1	0	0	1	0	0	0	1	0	0	0	0	0	1	0	0	1	0	0	0	0	0	0	1
436	71	3	2	1	4	9	5	0	10	0	1	0	1	1	0	0	1	1	0	1	0	0	0	1	0	0	1	0	0	0	0	0	0	1
437	72	3	2	1	5	9	7	0	6	1	1	1	1	1	1	0	0	1	0	1	1	1	0	1	0	0	1	0	0	0	0	0	0	1
438	50	1	1	1	8	9	6	0	9	1	0	1	1	1	1	0	1	1	0	1	0	0	0	1	0	0	1	0	0	0	0	0	0	1
439	102	3	0	2	2	8	0	0	10	1	1	1	1	1	1	0	0	1	0	0	0	0	0	1	0	0	1	0	0	0	0	0	0	1
440	70	2	1	1	7	9	0	0	12	1	1	1	1	1	1	0	0	1	0	0	0	0	0	1	0	0	1	0	0	0	0	0	0	1
441	74	3	2	1	6	8	0	0	0	1	1	0	1	1	1	0	1	1	0	1	1	0	0	1	0	0	1	0	0	0	0	0	0	1
442	73	2	1	3	2	9	7	7	14	0	0	1	1	1	1	0	1	1	0	1	1	0	0	1	0	0	1	0	0	0	0	0	0	1
443	60	1	2	2	1	9	0	0	0	1	0	0	1	1	0	0	0	1	0	0	0	0	0	1	0	0	1	0	0	0	0	0	0	1
444	52	2	1	1	4	4	7	0	0	0	1	1	0	1	1	0	0	0	0	1	1	0	0	1	0	0	1	0	0	0	0	0	0	1
445	62	3	2	1	1	10	0	0	0	0	0	0	0	0	0	0	0	0	0	0	0	0	0	1	0	0	1	0	0	0	0	0	0	1
446	62	3	1	2	3	8	4	4	15	1	0	1	1	1	0	0	1	1	0	0	1	0	0	1	0	0	1	0	0	0	0	0	0	1
447	65	3	2	1	4	4	0	0	0	1	1	0	1	1	0	0	0	0	0	0	0	0	0	1	0	0	1	0	0	0	0	0	0	1
448	50	2	1	2	9	9	3	0	4	1	0	0	1	1	1	0	0	1	0	1	1	0	0	1	0	0	1	0	0	0	0	0	0	1
449	90	4	3	1	9	9	3	0	10	1	0	1	1	1	1	0	1	0	0	0	1	0	0	1	0	0	1	0	0	0	0	0	0	1
450	87	3	2	1	1	5	0	0	16	1	1	1	1	1	1	0	0	0	0	1	1	0	0	1	0	0	1	0	0	0	0	0	0	1
451	105	3	2	1	1	4	6	0	25	1	1	1	1	1	1	0	0	0	0	1	1	0	0	1	0	0	1	0	0	0	0	1	0	0
452	42	2	1	1	4	2	3	0	4	0	0	0	0	0	0	0	0	0	0	0	0	0	0	1	0	0	1	0	0	0	0	1	0	0
453	76	2	1	2	4	4	0	0	0	1	0	0	1	1	1	0	0	0	0	0	0	0	0	1	0	0	1	0	0	0	0	1	0	0
454	93	4	3	1	4	5	0	0	0	1	0	0	1	1	1	0	0	1	0	1	0	0	0	1	0	0	1	0	0	0	0	1	0	0
455	160	4	3	2	5	9	8	0	0	1	1	1	1	1	1	0	0	1	0	1	0	0	0	1	0	0	1	0	0	0	0	1	0	0
456	160	7	5	2	3	10	4	10	28	1	0	1	1	1	1	0	1	1	0	1	1	0	0	1	0	0	1	0	0	0	0	1	0	0
457	100	4	2	2	1	9	7	0	8	1	1	1	1	1	1	0	1	1	0	1	1	0	0	1	0	0	1	0	0	0	0	1	0	0
458	140	4	3	2	4	9	0	0	0	1	0	1	1	1	1	0	1	1	0	1	1	1	0	1	0	0	1	0	0	0	0	1	0	0
459	75	3	2	1	3	4	0	0	0	1	1	0	1	1	1	0	1	0	0	1	1	0	0	1	0	0	1	0	0	0	0	1	0	0
460	50	2	1	1	5	14	3	0	0	1	1	0	1	1	1	0	1	0	0	1	0	0	0	1	0	0	1	0	0	0	0	1	0	0
461	33	1	1	1	1	6	0	0	0	1	1	0	1	1	1	0	1	0	0	1	0	0	0	1	0	0	1	0	0	0	0	1	0	0
462	80	3	2	2	8	8	0	0	0	0	1	1	0	1	1	0	0	1	0	1	0	0	0	1	0	0	1	0	0	0	0	1	0	0
463	35	1	1	1	5	5	4	0	0	1	0	0	1	1	1	0	0	0	0	1	0	0	0	1	0	0	1	0	0	0	0	1	0	0
464	34	1	1	1	4	6	0	0	0	1	1	1	1	1	1	0	1	0	0	1	1	0	0	1	0	0	1	0	0	0	0	1	0	0
465	80	3	2	1	6	8	7	0	15	0	1	1	1	1	1	0	1	1	0	0	0	0	0	1	0	0	1	0	0	0	0	1	0	0
466	120	3	2	3	4	8	11	9	0	1	1	1	1	1	1	0	1	1	0	1	0	1	0	1	0	0	1	0	0	0	0	1	0	0
467	80	3	2	1	2	8	5	0	0	1	1	1	1	1	1	0	1	1	0	1	0	1	0	1	0	0	1	0	0	0	0	1	0	0
468	73	3	2	2	16	16	0	0	0	1	0	1	1	1	1	0	1	1	1	1	1	0	0	1	0	0	1	0	0	0	0	1	0	0
469	110	4	3	1	4	9	10	0	30	1	0	1	1	1	1	1	0	1	0	1	1	0	0	1	0	0	1	0	0	0	0	1	0	0
470	70	2	2	1	2	5	0	0	0	1	0	0	1	1	1	1	0	0	0	0	1	1	0	1	0	0	1	0	0	0	0	1	0	0
471	130	5	4	2	1	7	0	0	0	0	0	0	0	0	0	0	0	1	0	0	0	0	0	1	0	0	1	0	0	0	0	1	0	0
472	250	7	4	2	5	5	17	0	0	1	1	1	1	1	1	1	1	0	0	1	1	1	0	1	0	0	1	0	0	0	0	1	0	0
473	250	7	4	2	5	5	17	0	0	1	1	1	1	1	1	1	1	0	0	1	1	1	0	1	0	0	1	0	0	0	0	1	0	0
474	62	2	1	1	4	15	4	0	0	1	1	1	1	1	1	0	1	1	1	1	0	0	0	1	0	0	1	0	0	0	0	1	0	0
475	97	3	2	1	3	5	0	0	0	1	1	1	1	1	1	0	1	0	0	1	1	1	0	1	0	0	1	0	0	0	0	1	0	0
476	100	3	2	1	6	8	0	0	0	1	1	0	1	1	1	0	0	1	0	1	0	0	0	1	0	0	1	0	0	0	0	1	0	0
477	60	2	1	1	8	8	0	0	0	1	0	0	1	1	1	0	1	1	0	1	1	0	0	1	0	0	1	0	0	0	0	1	0	0
478	157	5	3	3	5	5	7	0	11	1	1	1	1	1	1	0	1	0	0	1	1	1	0	1	0	0	1	0	0	0	0	1	0	0
479	80	3	2	1	6	6	0	0	0	0	0	1	0	1	0	0	0	0	0	1	0	0	0	1	0	0	1	0	0	0	0	1	0	0
480	350	8	4	2	6	7	30	0	9	1	1	1	1	1	1	1	0	0	0	1	1	1	0	1	0	0	1	0	0	0	0	1	0	0
481	52	2	1	1	16	16	0	0	0	1	0	0	1	1	0	1	1	1	1	0	0	0	0	1	0	0	1	0	0	0	0	1	0	0
482	119	5	3	2	6	8	10	0	0	1	1	1	1	1	1	0	1	1	0	1	1	1	0	1	0	0	1	0	0	0	0	1	0	0
483	67	2	1	1	2	5	0	0	0	0	0	0	1	1	1	0	0	0	0	0	0	0	0	1	0	0	1	0	0	0	0	1	0	0
484	92	3	2	1	3	9	0	0	0	1	1	1	1	1	1	0	0	0	0	1	1	1	0	1	0	0	1	0	0	0	0	1	0	0
485	187	4	3	2	5	5	10	38	0	1	1	1	1	1	1	1	0	0	0	1	1	1	0	1	0	0	1	0	0	0	0	1	0	0
486	80	3	1	2	7	14	8	10	0	1	1	1	1	1	0	0	1	1	1	0	0	0	0	1	0	0	1	0	0	0	0	1	0	0
487	100	3	2	1	6	14	0	0	0	1	1	1	1	1	1	0	0	1	1	1	1	1	0	1	0	0	1	0	0	0	0	1	0	0
488	35	2	1	1	1	5	5	0	0	1	1	1	1	1	1	0	0	0	0	0	0	0	0	1	0	0	1	0	0	0	0	1	0	0
489	130	4	3	2	7	8	0	0	0	0	0	0	1	1	1	0	0	1	0	0	0	0	0	1	0	0	1	0	0	0	0	1	0	0
490	324	5	0	2	6	7	0	0	0	1	1	1	1	1	1	1	0	0	0	1	1	1	0	1	0	0	1	0	0	0	0	1	0	0
491	60	3	2	1	8	9	7	0	0	0	0	0	0	1	1	0	0	1	0	1	0	0	1	0	0	0	0	1	1	0	0	0	0	0
492	130	5	3	2	4	12	0	0	0	0	1	0	0	1	0	0	0	1	0	0	0	0	1	0	0	0	0	1	1	0	0	0	0	0
493	54	3	2	1	6	10	4	0	0	0	0	0	0	1	0	0	0	1	1	0	0	0	1	0	0	0	0	1	1	0	0	0	0	0
494	47	3	2	1	8	14	0	0	0	0	1	0	0	1	0	0	0	1	0	0	0	0	1	0	0	0	0	1	1	0	0	0	0	0
495	54	2	1	1	3	8	7	0	0	1	0	0	0	1	1	0	0	1	0	0	0	0	1	0	0	0	0	1	1	0	0	0	0	0
496	53	2	0	1	9	10	7	0	0	0	0	0	0	1	0	0	0	0	0	0	0	0	1	0	0	0	0	1	1	0	0	0	0	0
497	80	3	2	1	8	20	8	0	0	0	0	0	0	0	0	0	0	1	1	0	0	0	1	0	0	0	0	1	1	0	0	0	0	0
498	80	3	2	1	8	20	0	0	0	0	0	0	0	0	0	0	0	0	0	0	0	0	1	0	0	0	0	1	1	0	0	0	0	0
499	45	2	1	1	7	14	0	0	0	0	1	0	0	1	0	0	0	1	0	0	0	0	1	0	0	0	0	1	1	0	0	0	0	0
500	62	3	2	1	6	11	0	0	0	1	0	0	0	1	0	0	0	1	0	0	0	0	1	0	0	0	0	1	1	0	0	0	0	0
501	56	2	1	2	3	9	0	0	0	0	0	0	0	0	0	0	0	1	0	0	0	0	1	0	0	0	0	1	1	0	0	0	0	0
502	84	3	2	1	12	13	0	0	0	0	0	1	0	1	0	0	0	0	0	0	0	0	1	0	0	0	0	1	1	0	0	0	0	0
503	56	2	1	1	3	11	3	0	0	1	0	0	0	0	0	0	0	1	0	0	0	0	1	0	0	0	0	1	1	0	0	0	0	0
504	90	4	2	1	8	9	0	0	0	0	0	0	0	0	0	0	0	0	0	0	0	0	1	0	0	0	0	1	1	0	0	0	0	0
505	88	3	2	1	7	9	8	0	0	1	1	0	1	1	1	0	0	1	0	1	0	0	1	0	0	0	0	1	1	0	0	0	0	0
506	36	2	1	1	2	8	2	0	0	0	0	0	0	0	0	0	0	1	0	0	0	0	1	0	0	0	0	1	0	1	0	0	0	0
507	40	2	1	1	14	14	7	0	0	0	0	0	0	0	0	0	0	0	0	0	0	0	1	0	0	0	0	1	0	1	0	0	0	0
508	49	2	1	2	9	15	5	5	0	1	0	0	1	1	0	0	0	1	1	0	0	0	1	0	0	0	0	1	0	1	0	0	0	0
509	69	3	2	2	13	15	5	5	0	1	0	0	1	1	0	0	0	1	1	0	0	0	1	0	0	0	0	1	0	1	0	0	0	0
510	155	4	3	2	10	11	11	0	0	0	0	0	0	0	0	0	0	1	1	0	0	0	1	0	0	0	0	1	0	0	0	0	1	0
511	155	4	3	2	10	11	0	0	0	0	1	0	0	1	0	0	0	1	0	0	0	0	1	0	0	0	0	1	0	0	0	0	1	0
512	164	4	3	2	4	6	15	0	0	0	1	1	0	1	0	0	0	1	0	0	0	0	1	0	0	0	0	1	0	0	0	0	1	0
513	170	5	3	3	4	12	0	0	0	0	1	0	0	1	0	0	0	1	1	0	0	0	1	0	0	0	0	1	0	0	0	0	1	0
514	130	4	3	3	7	20	0	0	0	0	0	0	0	1	0	0	0	1	0	0	0	0	1	0	0	0	0	1	0	0	0	0	1	0
515	80	3	2	1	7	9	10	0	0	0	0	0	0	0	0	0	0	0	0	0	0	0	1	0	0	0	0	1	0	0	0	0	1	0
516	85	3	2	1	4	15	12	0	0	0	0	0	0	0	0	0	0	0	0	0	0	0	1	0	0	0	0	1	0	0	0	0	1	0
517	197	5	3	1	3	12	5	0	0	0	0	0	0	1	1	0	0	1	0	0	0	0	1	0	0	0	0	1	0	0	0	0	1	0
518	49	3	2	1	5	13	4	0	0	0	0	0	0	0	0	0	0	0	0	0	0	0	1	0	0	0	0	1	0	0	0	0	0	1
519	58	3	2	1	3	5	4	0	0	0	0	0	0	1	1	0	0	1	0	0	0	0	1	0	0	0	0	1	0	0	0	0	0	1
520	64	2	1	1	11	22	0	0	0	0	0	0	0	0	0	0	0	1	0	0	0	0	1	0	0	0	0	1	0	0	0	1	0	0
521	128	3	0	2	3	7	8	0	0	0	0	0	0	1	1	0	0	1	0	1	1	1	1	0	0	0	0	1	0	0	0	1	0	0
522	96	4	3	2	12	22	0	0	0	0	0	0	0	1	1	0	0	1	0	1	0	0	1	0	0	0	0	1	0	0	0	1	0	0
523	132	4	0	2	6	10	8	0	0	0	0	0	0	1	1	0	0	1	0	0	0	0	1	0	0	0	0	1	0	0	0	1	0	0
524	108	3	2	2	19	25	5	0	0	0	0	0	0	1	1	0	0	1	1	0	0	0	1	0	0	0	0	1	0	0	0	1	0	0
525	60	4	3	2	14	14	4	0	0	0	0	0	0	1	0	0	0	1	1	0	0	0	1	0	0	0	0	1	0	0	0	1	0	0
526	50	2	1	1	3	14	0	0	0	0	0	0	0	0	0	0	0	1	0	0	0	0	1	0	0	0	0	1	0	0	0	1	0	0
527	49	2	1	1	2	4	0	0	0	0	0	0	0	1	0	0	0	0	0	0	0	0	1	0	0	0	0	1	0	0	0	1	0	0
528	91	3	0	1	4	11	0	0	0	0	0	0	0	0	0	0	0	0	0	0	0	0	1	0	0	0	0	1	0	0	0	1	0	0
529	89	2	1	2	3	4	0	0	0	0	0	0	0	1	1	0	0	0	0	0	0	0	1	0	0	0	0	1	0	0	0	1	0	0
530	79	3	2	1	4	16	9	0	0	1	0	0	1	1	0	0	0	1	1	0	0	0	1	0	0	0	0	1	0	0	0	1	0	0
531	150	5	3	2	4	18	9	0	0	0	0	1	0	1	0	0	0	1	1	0	0	0	1	0	0	0	0	1	0	0	0	1	0	0
532	90	3	2	2	6	6	0	15	0	0	0	0	0	0	0	0	0	0	0	0	0	0	1	0	0	0	0	1	0	0	0	1	0	0
533	250	5	4	2	9	14	6	85	0	0	1	1	0	1	0	0	0	1	1	0	0	0	1	0	0	0	0	1	0	0	0	1	0	0
534	97	3	2	1	4	12	0	0	0	0	0	0	0	0	0	0	0	1	1	0	0	0	1	0	0	0	0	1	0	0	0	1	0	0
535	180	6	5	3	14	14	8	34	0	1	1	1	0	1	1	0	0	1	0	0	0	0	1	0	0	0	0	1	0	0	0	1	0	0
536	91	2	1	1	0	4	15	0	0	0	0	0	0	1	0	0	0	0	0	0	0	0	1	0	0	0	0	1	0	0	0	1	0	0
537	360	6	5	1	12	12	0	0	0	0	0	0	0	0	0	0	0	0	0	0	0	0	1	0	0	0	0	1	0	0	0	1	0	0
538	130	5	3	1	7	12	0	0	0	0	0	0	0	0	0	0	0	1	0	0	0	0	1	0	0	0	0	1	0	0	0	1	0	0
539	126	2	1	1	0	4	0	0	0	0	0	0	0	0	0	0	0	0	0	0	0	0	1	0	0	0	0	1	0	0	0	1	0	0
540	174	5	3	2	7	10	7	10	0	1	1	1	1	1	1	0	0	1	1	1	0	0	0	1	0	0	0	1	0	0	0	1	0	0
